Titolo,Spotify_URL,Description,Id
Il potere delle abitudini - Usare la gratificazione per motivarsi - Pillole di Office of Cards,https://open.spotify.com/episode/2ZFG8hGAptDmPF5xMnOojK,"Questa pillola è stata presa dall'episodio 1 del Podcast di Office of Cards. Se vuoi ascoltare l'episodio per intero cercalo nel tuo player di podcast digitando ""Office of Cards di Davide Cervellin"". Trovi show notes e link discussi su https://officeofcards.com/podcasts Scopri la Newsletter di Office of Cards!  Segui il canale YouTube di Office of Cards!  Learn more about your ad choices. Visit megaphone.fm/adchoices",1
Francesco Sordi - Cosa mi ha insegnato lo sport - Pillole di Office of Cards,https://open.spotify.com/episode/5TB9wtZMsav9w42gqLeBA1,"Questa pillola è stata presa dall'episodio 57 del Podcast di Office of Cards. Se vuoi ascoltare l'episodio per intero cercalo nel tuo player di podcast digitando ""Office of Cards di Davide Cervellin"". Trovi show notes e link discussi su https://officeofcards.com/podcasts Scopri la Newsletter di Office of Cards!  Segui il canale YouTube di Office of Cards!  Learn more about your ad choices. Visit megaphone.fm/adchoices",57
Luca Pagni - Cerca problemi e trova soluzioni - Pillole di Office of Cards,https://open.spotify.com/episode/573ByLQz8jZxFDT1dU4G0t,"Questa pillola è stata presa dall'episodio 14 del Podcast di Office of Cards. Se vuoi ascoltare l'episodio per intero cercalo nel tuo player di podcast digitando ""Office of Cards di Davide Cervellin"". Trovi show notes e link discussi su https://officeofcards.com/podcasts Scopri la Newsletter di Office of Cards!  Segui il canale YouTube di Office of Cards!  Learn more about your ad choices. Visit megaphone.fm/adchoices",14
Marco Ottonello - Dream life plan - Pillole di Office of Cards,https://open.spotify.com/episode/2Si5QNoxz29FuG4XprTvQW,"Questa pillola è stata presa dall'episodio 83 del Podcast di Office of Cards. Se vuoi ascoltare l'episodio per intero cercalo nel tuo player di podcast digitando ""Office of Cards di Davide Cervellin"". Trovi show notes e link discussi su https://officeofcards.com/podcasts Scopri la Newsletter di Office of Cards!  Segui il canale YouTube di Office of Cards!  Learn more about your ad choices. Visit megaphone.fm/adchoices",83
Le 7 regole per avere successo - Inizia pensando alla fine - Pillole di Office of Cards,https://open.spotify.com/episode/0pBYpobyfhheJSR5C8CGKO,"Questa pillola è stata presa dall'episodio 16 del Podcast di Office of Cards. Se vuoi ascoltare l'episodio per intero cercalo nel tuo player di podcast digitando ""Office of Cards di Davide Cervellin"". Trovi show notes e link discussi su https://officeofcards.com/podcasts Scopri la Newsletter di Office of Cards!  Segui il canale YouTube di Office of Cards!  Learn more about your ad choices. Visit megaphone.fm/adchoices",16
Arlinda Laska - Di scuse per non imparare le cose ce ne sono poche - Pillole di Office of Cards,https://open.spotify.com/episode/4nZNNaVKMpZ3qoaAdFk4mx,"Questa pillola è stata presa dall'episodio 25 del Podcast di Office of Cards. Se vuoi ascoltare l'episodio per intero cercalo nel tuo player di podcast digitando ""Office of Cards di Davide Cervellin"". Trovi show notes e link discussi su https://officeofcards.com/podcasts Scopri la Newsletter di Office of Cards!  Segui il canale YouTube di Office of Cards!  Learn more about your ad choices. Visit megaphone.fm/adchoices",25
Il potere delle abitudini - Le abitudini creano bisogni - Pillole di Office of Cards,https://open.spotify.com/episode/6S0DveIvx3noEyDMyJ0Brc,"Questa pillola è stata presa dall'episodio 1 del Podcast di Office of Cards. Se vuoi ascoltare l'episodio per intero cercalo nel tuo player di podcast digitando ""Office of Cards di Davide Cervellin"". Trovi show notes e link discussi su https://officeofcards.com/podcasts Scopri la Newsletter di Office of Cards!  Segui il canale YouTube di Office of Cards!  Learn more about your ad choices. Visit megaphone.fm/adchoices",1
Francesco Sordi - Libera te stesso dal giudizio degli altri - Pillole di Office of Cards,https://open.spotify.com/episode/7HC3ZqUAhn4W75qCUZgjEF,"Questa pillola è stata presa dall'episodio 57 del Podcast di Office of Cards. Se vuoi ascoltare l'episodio per intero cercalo nel tuo player di podcast digitando ""Office of Cards di Davide Cervellin"". Trovi show notes e link discussi su https://officeofcards.com/podcasts Scopri la Newsletter di Office of Cards!  Segui il canale YouTube di Office of Cards!  Learn more about your ad choices. Visit megaphone.fm/adchoices",57
Luca Pagni - Quale contributo posso dare a me stesso e al mio paese - Pillole di Office of Cards,https://open.spotify.com/episode/4O0QPlyGC2ZNq63VE9KENQ,"Questa pillola è stata presa dall'episodio 14 del Podcast di Office of Cards. Se vuoi ascoltare l'episodio per intero cercalo nel tuo player di podcast digitando ""Office of Cards di Davide Cervellin"". Trovi show notes e link discussi su https://officeofcards.com/podcasts Scopri la Newsletter di Office of Cards!  Segui il canale YouTube di Office of Cards!  Learn more about your ad choices. Visit megaphone.fm/adchoices",14
Le 7 regole per avere successo - Come individuare le aree sotto il proprio controllo - Pillole di Office of Cards,https://open.spotify.com/episode/0pjibdpHmFZyzdmG691GYk,"Questa pillola è stata presa dall'episodio 16 del Podcast di Office of Cards. Se vuoi ascoltare l'episodio per intero cercalo nel tuo player di podcast digitando ""Office of Cards di Davide Cervellin"". Trovi show notes e link discussi su https://officeofcards.com/podcasts Scopri la Newsletter di Office of Cards!  Segui il canale YouTube di Office of Cards!  Learn more about your ad choices. Visit megaphone.fm/adchoices",16
Marco Ottonello - Tempo di permanenza in azienda e richieste - Pillole di Office of Cards,https://open.spotify.com/episode/6fHSzOe3607g4fosLh0xuk,"Questa pillola è stata presa dall'episodio 83 del Podcast di Office of Cards. Se vuoi ascoltare l'episodio per intero cercalo nel tuo player di podcast digitando ""Office of Cards di Davide Cervellin"". Trovi show notes e link discussi su https://officeofcards.com/podcasts Scopri la Newsletter di Office of Cards!  Segui il canale YouTube di Office of Cards!  Learn more about your ad choices. Visit megaphone.fm/adchoices",83
Il potere delle abitudini - Se il problema non è percepito non verrà risolto - Pillole di Office of Cards,https://open.spotify.com/episode/6zYqoaTiyxdvGP2rVRfwCB,"Questa pillola è stata presa dall'episodio 1 del Podcast di Office of Cards. Se vuoi ascoltare l'episodio per intero cercalo nel tuo player di podcast digitando ""Office of Cards di Davide Cervellin"". Trovi show notes e link discussi su https://officeofcards.com/podcasts Scopri la Newsletter di Office of Cards!  Segui il canale YouTube di Office of Cards!  Learn more about your ad choices. Visit megaphone.fm/adchoices",1
Francesco Sordi - La descrizione condiziona la realtà - Pillole di Office of Cards,https://open.spotify.com/episode/0pRPcQ0b1zgCujI8dcy416,"Questa pillola è stata presa dall'episodio 57 del Podcast di Office of Cards. Se vuoi ascoltare l'episodio per intero cercalo nel tuo player di podcast digitando ""Office of Cards di Davide Cervellin"". Trovi show notes e link discussi su https://officeofcards.com/podcasts Scopri la Newsletter di Office of Cards!  Segui il canale YouTube di Office of Cards!  Learn more about your ad choices. Visit megaphone.fm/adchoices",57
Le 7 regole per avere successo - Parliamo di proattività - Pillole di Office of Cards,https://open.spotify.com/episode/6WYEuIrxzafvi9BkkPNiKo,"Questa pillola è stata presa dall'episodio 16 del Podcast di Office of Cards. Se vuoi ascoltare l'episodio per intero cercalo nel tuo player di podcast digitando ""Office of Cards di Davide Cervellin"". Trovi show notes e link discussi su https://officeofcards.com/podcasts Scopri la Newsletter di Office of Cards!  Segui il canale YouTube di Office of Cards!  Learn more about your ad choices. Visit megaphone.fm/adchoices",16
Marco Ottonello - Il confronto uccide la felicità - Pillole di Office of Cards,https://open.spotify.com/episode/3LArP8g5DYLGy8Xns5NoE8,"Questa pillola è stata presa dall'episodio 83 del Podcast di Office of Cards. Se vuoi ascoltare l'episodio per intero cercalo nel tuo player di podcast digitando ""Office of Cards di Davide Cervellin"". Trovi show notes e link discussi su https://officeofcards.com/podcasts Scopri la Newsletter di Office of Cards!  Segui il canale YouTube di Office of Cards!  Learn more about your ad choices. Visit megaphone.fm/adchoices",83
Il potere delle abitudini - Il circolo dell'abitudine - Pillole di Office of Cards,https://open.spotify.com/episode/5UwrlPCq60WVQO7wtzAiCV,"Questa pillola è stata presa dall'episodio 1 del Podcast di Office of Cards. Se vuoi ascoltare l'episodio per intero cercalo nel tuo player di podcast digitando ""Office of Cards di Davide Cervellin"". Trovi show notes e link discussi su https://officeofcards.com/podcasts Scopri la Newsletter di Office of Cards!  Segui il canale YouTube di Office of Cards!  Learn more about your ad choices. Visit megaphone.fm/adchoices",1
Le 7 regole per avere successo - Perception is reality - Pillole di Office of Cards,https://open.spotify.com/episode/2CgVxXAIOgrVS5kP2zmhN3,"Questa pillola è stata presa dall'episodio 16 del Podcast di Office of Cards. Se vuoi ascoltare l'episodio per intero cercalo nel tuo player di podcast digitando ""Office of Cards di Davide Cervellin"". Trovi show notes e link discussi su https://officeofcards.com/podcasts Scopri la Newsletter di Office of Cards!  Segui il canale YouTube di Office of Cards!  Learn more about your ad choices. Visit megaphone.fm/adchoices",16
Marco Ottonello - Chiedere per avere opportunità - Pillole di Office of Cards,https://open.spotify.com/episode/3VtRIEJAW4t0i9R5NplKQf,"Questa pillola è stata presa dall'episodio 83 del Podcast di Office of Cards. Se vuoi ascoltare l'episodio per intero cercalo nel tuo player di podcast digitando ""Office of Cards di Davide Cervellin"". Trovi show notes e link discussi su https://officeofcards.com/podcasts Scopri la Newsletter di Office of Cards!  Segui il canale YouTube di Office of Cards!  Learn more about your ad choices. Visit megaphone.fm/adchoices",83
Le 7 regole per avere successo - I veri cambiamenti richiedono una riflessione - Pillole di Office of Cards,https://open.spotify.com/episode/7vtFhYOufaldbQTHyJ0LRU,"Questa pillola è stata presa dall'episodio 16 del Podcast di Office of Cards. Se vuoi ascoltare l'episodio per intero cercalo nel tuo player di podcast digitando ""Office of Cards di Davide Cervellin"". Trovi show notes e link discussi su https://officeofcards.com/podcasts Scopri la Newsletter di Office of Cards!  Segui il canale YouTube di Office of Cards!  Learn more about your ad choices. Visit megaphone.fm/adchoices",16
Il potere delle abitudini - La nostra vita è il frutto delle nostre abitudini - Pillole di Office of Cards,https://open.spotify.com/episode/06iR0BGw1RwkVkQTAQldD7,"Questa pillola è stata presa dall'episodio 1 del Podcast di Office of Cards. Se vuoi ascoltare l'episodio per intero cercalo nel tuo player di podcast digitando ""Office of Cards di Davide Cervellin"". Trovi show notes e link discussi su https://officeofcards.com/podcasts Scopri la Newsletter di Office of Cards!  Segui il canale YouTube di Office of Cards!  Learn more about your ad choices. Visit megaphone.fm/adchoices",1
Marco Ottonello - Tenere sempre gli occhi aperti - Pillole di Office of Cards,https://open.spotify.com/episode/3ZaB5TLwiKTiQEg8SLRNud,"Questa pillola è stata presa dall'episodio 83 del Podcast di Office of Cards. Se vuoi ascoltare l'episodio per intero cercalo nel tuo player di podcast digitando ""Office of Cards di Davide Cervellin"". Trovi show notes e link discussi su https://officeofcards.com/podcasts Scopri la Newsletter di Office of Cards!  Segui il canale YouTube di Office of Cards!  Learn more about your ad choices. Visit megaphone.fm/adchoices",83
Il potere delle abitudini - Il cambiamento si può fare - Pillole di Office of Cards,https://open.spotify.com/episode/6ubSXUtC32BDsmCr9ArWB2,"Questa pillola è stata presa dall'episodio 1 del Podcast di Office of Cards. Se vuoi ascoltare l'episodio per intero cercalo nel tuo player di podcast digitando ""Office of Cards di Davide Cervellin"". Trovi show notes e link discussi su https://officeofcards.com/podcasts Scopri la Newsletter di Office of Cards!  Segui il canale YouTube di Office of Cards!  Learn more about your ad choices. Visit megaphone.fm/adchoices",1
Come ottenere una promozione - Un beneficio cumulato nel tempo - Pillole di Office of Cards,https://open.spotify.com/episode/0YYmtm0qykho9xil0SSDUd,"Questa pillola è stata presa dall'episodio 11 del Podcast di Office of Cards. Se vuoi ascoltare l'episodio per intero cercalo nel tuo player di podcast digitando ""Office of Cards di Davide Cervellin"". Trovi show notes e link discussi su https://officeofcards.com/podcasts Scopri la Newsletter di Office of Cards!  Segui il canale YouTube di Office of Cards!  Learn more about your ad choices. Visit megaphone.fm/adchoices",11
Valerio Russo - Non ho mai voluto prendere il ruolo del mio capo - Pillole di Office of Cards,https://open.spotify.com/episode/2F9isClIQTEc5GhTSJtqAH,"Questa pillola è stata presa dall'episodio 37 del Podcast di Office of Cards. Se vuoi ascoltare l'episodio per intero cercalo nel tuo player di podcast digitando ""Office of Cards di Davide Cervellin"". Trovi show notes e link discussi su https://officeofcards.com/podcasts Scopri la Newsletter di Office of Cards!  Segui il canale YouTube di Office of Cards!  Learn more about your ad choices. Visit megaphone.fm/adchoices",37
Francesco Sordi - Sii contento del tuo operato - Pillole di Office of Cards,https://open.spotify.com/episode/1BDJKYoR8b0IRHLFfdTCzu,"Questa pillola è stata presa dall'episodio 57 del Podcast di Office of Cards. Se vuoi ascoltare l'episodio per intero cercalo nel tuo player di podcast digitando ""Office of Cards di Davide Cervellin"". Trovi show notes e link discussi su https://officeofcards.com/podcasts Scopri la Newsletter di Office of Cards!  Segui il canale YouTube di Office of Cards!  Learn more about your ad choices. Visit megaphone.fm/adchoices",57
Il potere delle abitudini - L'importanza di identificare i segnali e le gratificazioni  - Pillole di Office of Cards,https://open.spotify.com/episode/5K8OdfQCMot81UJUJ8ldRV,"Questa pillola è stata presa dall'episodio 1 del Podcast di Office of Cards. Se vuoi ascoltare l'episodio per intero cercalo nel tuo player di podcast digitando ""Office of Cards di Davide Cervellin"". Trovi show notes e link discussi su https://officeofcards.com/podcasts Scopri la Newsletter di Office of Cards!  Segui il canale YouTube di Office of Cards!  Learn more about your ad choices. Visit megaphone.fm/adchoices",1
Arlinda Laska - Un approccio deliberato - Pillole di Office of Cards,https://open.spotify.com/episode/5aSPF8ZLMDUNwa2pPp24sV,"Questa pillola è stata presa dall'episodio 25 del Podcast di Office of Cards. Se vuoi ascoltare l'episodio per intero cercalo nel tuo player di podcast digitando ""Office of Cards di Davide Cervellin"". Trovi show notes e link discussi su https://officeofcards.com/podcasts Scopri la Newsletter di Office of Cards!  Segui il canale YouTube di Office of Cards!  Learn more about your ad choices. Visit megaphone.fm/adchoices",25
Le 7 regole per avere successo - La scrittura del proprio mission statement - Pillole di Office of Cards,https://open.spotify.com/episode/3Ba1PRpJoIoErQHM3AY6Hs,"Questa pillola è stata presa dall'episodio 16 del Podcast di Office of Cards. Se vuoi ascoltare l'episodio per intero cercalo nel tuo player di podcast digitando ""Office of Cards di Davide Cervellin"". Trovi show notes e link discussi su https://officeofcards.com/podcasts Scopri la Newsletter di Office of Cards!  Segui il canale YouTube di Office of Cards!  Learn more about your ad choices. Visit megaphone.fm/adchoices",16
Daria Sessa - Fare di necessità virtù - Pillole di Office of Cards,https://open.spotify.com/episode/6jjnXzCitGqKPgbHwOGMqn,"Questa pillola è stata presa dall'episodio 39 del Podcast di Office of Cards. Se vuoi ascoltare l'episodio per intero cercalo nel tuo player di podcast digitando ""Office of Cards di Davide Cervellin"". Trovi show notes e link discussi su https://officeofcards.com/podcasts Scopri la Newsletter di Office of Cards!  Segui il canale YouTube di Office of Cards!  Learn more about your ad choices. Visit megaphone.fm/adchoices",39
Daria Sessa - Fare di necessità virtù,https://open.spotify.com/episode/7mRSVfQbGYHLpMlAIYaxy3,"Questa pillola è stata presa dall'episodio 39 del Podcast di Office of Cards. Se vuoi ascoltare l'episodio per intero cercalo nel tuo player di podcast digitando ""Office of Cards di Davide Cervellin"". Trovi show notes e link discussi su https://officeofcards.com/podcasts Scopri la Newsletter di Office of Cards!  Segui il canale YouTube di Office of Cards!  Learn more about your ad choices. Visit megaphone.fm/adchoices",39
Valerio Russo - Collegare la propria identità al lavoro,https://open.spotify.com/episode/1UjgUl8Z6Z0A7qXfqajnWH,"Questa pillola è stata presa dall'episodio 37 del Podcast di Office of Cards. Se vuoi ascoltare l'episodio per intero cercalo nel tuo player di podcast digitando ""Office of Cards di Davide Cervellin"". Trovi show notes e link discussi su https://officeofcards.com/podcasts Scopri la Newsletter di Office of Cards!  Segui il canale YouTube di Office of Cards!  Learn more about your ad choices. Visit megaphone.fm/adchoices",37
Francesco Sordi - Fixed vs. Growth mindset,https://open.spotify.com/episode/3k7N56zXaVs8h0ubmq24HS,"Questa pillola è stata presa dall'episodio 57 del Podcast di Office of Cards. Se vuoi ascoltare l'episodio per intero cercalo nel tuo player di podcast digitando ""Office of Cards di Davide Cervellin"". Trovi show notes e link discussi su https://officeofcards.com/podcasts Scopri la Newsletter di Office of Cards!  Segui il canale YouTube di Office of Cards!  Learn more about your ad choices. Visit megaphone.fm/adchoices",57
Arlinda Laska - Le passioni nelle grandi aziende,https://open.spotify.com/episode/1eydifh4xSa1CB9Nylxo8I,"Questa pillola è stata presa dall'episodio 25 del Podcast di Office of Cards. Se vuoi ascoltare l'episodio per intero cercalo nel tuo player di podcast digitando ""Office of Cards di Davide Cervellin"". Trovi show notes e link discussi su https://officeofcards.com/podcasts Scopri la Newsletter di Office of Cards!  Segui il canale YouTube di Office of Cards!  Learn more about your ad choices. Visit megaphone.fm/adchoices",25
Il potere delle abitudini - Il tuo consiglio di amministrazione,https://open.spotify.com/episode/4o6xFizkaUfP1zzem0wTM6,"Questa pillola è stata presa dall'episodio 1 del Podcast di Office of Cards. Se vuoi ascoltare l'episodio per intero cercalo nel tuo player di podcast digitando ""Office of Cards di Davide Cervellin"". Trovi show notes e link discussi su https://officeofcards.com/podcasts Scopri la Newsletter di Office of Cards!  Segui il canale YouTube di Office of Cards!  Learn more about your ad choices. Visit megaphone.fm/adchoices",1
Come ottenere una promozione - Occhio all'atteggiamento,https://open.spotify.com/episode/7khqmyyk7r79R6eiZ9rdE7,"Questa pillola è stata presa dall'episodio 11 del Podcast di Office of Cards. Se vuoi ascoltare l'episodio per intero cercalo nel tuo player di podcast digitando ""Office of Cards di Davide Cervellin"". Trovi show notes e link discussi su https://officeofcards.com/podcasts Scopri la Newsletter di Office of Cards!  Segui il canale YouTube di Office of Cards!  Learn more about your ad choices. Visit megaphone.fm/adchoices",11
Le 7 regole per avere successo - Prioritizzazione,https://open.spotify.com/episode/5ZLjAhzK95D9fz7uoEQaqG,"Questa pillola è stata presa dall'episodio 16 del Podcast di Office of Cards. Se vuoi ascoltare l'episodio per intero cercalo nel tuo player di podcast digitando ""Office of Cards di Davide Cervellin"". Trovi show notes e link discussi su https://officeofcards.com/podcasts Scopri la Newsletter di Office of Cards!  Segui il canale YouTube di Office of Cards!  Learn more about your ad choices. Visit megaphone.fm/adchoices",16
Valerio Russo - La sindrome del Niagara,https://open.spotify.com/episode/7xQhPiqUpeh6bxyCXe398A,"Questa pillola è stata presa dall'episodio 37 del Podcast di Office of Cards. Se vuoi ascoltare l'episodio per intero cercalo nel tuo player di podcast digitando ""Office of Cards di Davide Cervellin"". Trovi show notes e link discussi su https://officeofcards.com/podcasts Scopri la Newsletter di Office of Cards!  Segui il canale YouTube di Office of Cards!  Learn more about your ad choices. Visit megaphone.fm/adchoices",37
Francesco Sordi -  Marketing e Comunicazione,https://open.spotify.com/episode/4EVa5hjysFBB1IHqAxQKSU,"Questa pillola è stata presa dall'episodio 57 del Podcast di Office of Cards. Se vuoi ascoltare l'episodio per intero cercalo nel tuo player di podcast digitando ""Office of Cards di Davide Cervellin"". Trovi show notes e link discussi su https://officeofcards.com/podcasts Scopri la Newsletter di Office of Cards!  Segui il canale YouTube di Office of Cards!  Learn more about your ad choices. Visit megaphone.fm/adchoices",57
Arlinda Laska - L'esperienza in Google,https://open.spotify.com/episode/6LaXTlFVbQWaLCFa0lEbZH,"Questa pillola è stata presa dall'episodio 25 del Podcast di Office of Cards. Se vuoi ascoltare l'episodio per intero cercalo nel tuo player di podcast digitando ""Office of Cards di Davide Cervellin"". Trovi show notes e link discussi su https://officeofcards.com/podcasts Scopri la Newsletter di Office of Cards!  Segui il canale YouTube di Office of Cards!  Learn more about your ad choices. Visit megaphone.fm/adchoices",25
Roberto Bonzio - L'italianità all'estero,https://open.spotify.com/episode/3ftKskcaXByZF5BW6I6rNH,"Questa pillola è stata presa dall'episodio 66 del Podcast di Office of Cards. Se vuoi ascoltare l'episodio per intero cercalo nel tuo player di podcast digitando ""Office of Cards di Davide Cervellin"". Trovi show notes e link discussi su https://officeofcards.com/podcasts Scopri la Newsletter di Office of Cards!  Segui il canale YouTube di Office of Cards!  Learn more about your ad choices. Visit megaphone.fm/adchoices",66
Daria Sessa - Autoconsapevolezza passiva,https://open.spotify.com/episode/05FKjdPQnj0wXMw8gHr4go,"Questa pillola è stata presa dall'episodio 39 del Podcast di Office of Cards. Se vuoi ascoltare l'episodio per intero cercalo nel tuo player di podcast digitando ""Office of Cards di Davide Cervellin"". Trovi show notes e link discussi su https://officeofcards.com/podcasts Scopri la Newsletter di Office of Cards!  Segui il canale YouTube di Office of Cards!  Learn more about your ad choices. Visit megaphone.fm/adchoices",39
Nicola Pavesi - Passare all'esecuzione,https://open.spotify.com/episode/3Ou95zny0z1Mv7BqQ48aeM,"Questa pillola è stata presa dall'episodio 43 del Podcast di Office of Cards. Se vuoi ascoltare l'episodio per intero cercalo nel tuo player di podcast digitando ""Office of Cards di Davide Cervellin"". Trovi show notes e link discussi su https://officeofcards.com/podcasts Scopri la Newsletter di Office of Cards!  Segui il canale YouTube di Office of Cards!  Learn more about your ad choices. Visit megaphone.fm/adchoices",43
Come ottenere una promozione - La gestione delle aspettative,https://open.spotify.com/episode/1f5fhL5aX9GEiHT1o1CZ5c,"Questa pillola è stata presa dall'episodio 11 del Podcast di Office of Cards. Se vuoi ascoltare l'episodio per intero cercalo nel tuo player di podcast digitando ""Office of Cards di Davide Cervellin"". Trovi show notes e link discussi su https://officeofcards.com/podcasts Scopri la Newsletter di Office of Cards!  Segui il canale YouTube di Office of Cards!  Learn more about your ad choices. Visit megaphone.fm/adchoices",11
Le 7 regole per avere successo - I quattro punti del benessere,https://open.spotify.com/episode/7GjhqQkLH4FFcpEP6MBYEQ,"Questa pillola è stata presa dall'episodio 16 del Podcast di Office of Cards. Se vuoi ascoltare l'episodio per intero cercalo nel tuo player di podcast digitando ""Office of Cards di Davide Cervellin"". Trovi show notes e link discussi su https://officeofcards.com/podcasts Scopri la Newsletter di Office of Cards!  Segui il canale YouTube di Office of Cards!  Learn more about your ad choices. Visit megaphone.fm/adchoices",16
Roberto Bonzio - Un incrocio tra tecnologia e spiritualità,https://open.spotify.com/episode/3fRZI6TqisCYUy7AyzBp9e,"Questa pillola è stata presa dall'episodio 66 del Podcast di Office of Cards. Se vuoi ascoltare l'episodio per intero cercalo nel tuo player di podcast digitando ""Office of Cards di Davide Cervellin"". Trovi show notes e link discussi su https://officeofcards.com/podcasts Scopri la Newsletter di Office of Cards!  Segui il canale YouTube di Office of Cards!  Learn more about your ad choices. Visit megaphone.fm/adchoices",66
Fabio Loconte - Un approccio metodico nella scelta della carriera,https://open.spotify.com/episode/2fYJ2T254p1YclDK4vYl9v,"Questa pillola è stata presa dall'episodio 15 del Podcast di Office of Cards. Se vuoi ascoltare l'episodio per intero cercalo nel tuo player di podcast digitando ""Office of Cards di Davide Cervellin"". Trovi show notes e link discussi su https://officeofcards.com/podcasts Scopri la Newsletter di Office of Cards!  Segui il canale YouTube di Office of Cards!  Learn more about your ad choices. Visit megaphone.fm/adchoices",15
Luca Solazzi - La scelta emotiva,https://open.spotify.com/episode/1co7E2MHpmNvRGhOu4QOnD,"Questa pillola è stata presa dall'episodio 59 del Podcast di Office of Cards. Se vuoi ascoltare l'episodio per intero cercalo nel tuo player di podcast digitando ""Office of Cards di Davide Cervellin"". Trovi show notes e link discussi su https://officeofcards.com/podcasts Scopri la Newsletter di Office of Cards!  Segui il canale YouTube di Office of Cards!  Learn more about your ad choices. Visit megaphone.fm/adchoices",59
Daria Sessa - Impossibile non comunicare,https://open.spotify.com/episode/52SYAUHZgXd3FWZetvooIu,"Questa pillola è stata presa dall'episodio 39 del Podcast di Office of Cards. Se vuoi ascoltare l'episodio per intero cercalo nel tuo player di podcast digitando ""Office of Cards di Davide Cervellin"". Trovi show notes e link discussi su https://officeofcards.com/podcasts Scopri la Newsletter di Office of Cards!  Segui il canale YouTube di Office of Cards!  Learn more about your ad choices. Visit megaphone.fm/adchoices",39
Nicola Pavesi - Delegare per crescere,https://open.spotify.com/episode/74oCJET579MoFruWDz7rQj,"Questa pillola è stata presa dall'episodio 43 del Podcast di Office of Cards. Se vuoi ascoltare l'episodio per intero cercalo nel tuo player di podcast digitando ""Office of Cards di Davide Cervellin"". Trovi show notes e link discussi su https://officeofcards.com/podcasts Scopri la Newsletter di Office of Cards!  Segui il canale YouTube di Office of Cards!  Learn more about your ad choices. Visit megaphone.fm/adchoices",43
Arlinda Laska - Immedesimarsi nel brand,https://open.spotify.com/episode/4EDbIuM0VYjbJ9AWqDjYPE,"Questa pillola è stata presa dall'episodio 25 del Podcast di Office of Cards. Se vuoi ascoltare l'episodio per intero cercalo nel tuo player di podcast digitando ""Office of Cards di Davide Cervellin"". Trovi show notes e link discussi su https://officeofcards.com/podcasts Scopri la Newsletter di Office of Cards!  Segui il canale YouTube di Office of Cards!  Learn more about your ad choices. Visit megaphone.fm/adchoices",25
Valerio Russo - Definisci il tuo destino,https://open.spotify.com/episode/65ZuPEMyGT9bCZIZrZyLhd,"Questa pillola è stata presa dall'episodio 37 del Podcast di Office of Cards. Se vuoi ascoltare l'episodio per intero cercalo nel tuo player di podcast digitando ""Office of Cards di Davide Cervellin"". Trovi show notes e link discussi su https://officeofcards.com/podcasts Scopri la Newsletter di Office of Cards!  Segui il canale YouTube di Office of Cards!  Learn more about your ad choices. Visit megaphone.fm/adchoices",37
Fabio Loconte - Il colloquio di lavoro,https://open.spotify.com/episode/2GSEaJBFKMuQRbWTqeziiY,"Questa pillola è stata presa dall'episodio 15 del Podcast di Office of Cards. Se vuoi ascoltare l'episodio per intero cercalo nel tuo player di podcast digitando ""Office of Cards di Davide Cervellin"". Trovi show notes e link discussi su https://officeofcards.com/podcasts Scopri la Newsletter di Office of Cards!  Segui il canale YouTube di Office of Cards!  Learn more about your ad choices. Visit megaphone.fm/adchoices",15
Roberto Bonzio - L'importanza dell'emozione,https://open.spotify.com/episode/1irijCxCVMaMkEFRAZgnSP,"Questa pillola è stata presa dall'episodio 66 del Podcast di Office of Cards. Se vuoi ascoltare l'episodio per intero cercalo nel tuo player di podcast digitando ""Office of Cards di Davide Cervellin"". Trovi show notes e link discussi su https://officeofcards.com/podcasts Scopri la Newsletter di Office of Cards!  Segui il canale YouTube di Office of Cards!  Learn more about your ad choices. Visit megaphone.fm/adchoices",66
Nicola Pavesi - Il candidato giusto,https://open.spotify.com/episode/4nkfgRMkqhI4uFpjL9vYNy,"Questa pillola è stata presa dall'episodio 43 del Podcast di Office of Cards. Se vuoi ascoltare l'episodio per intero cercalo nel tuo player di podcast digitando ""Office of Cards di Davide Cervellin"". Trovi show notes e link discussi su https://officeofcards.com/podcasts Scopri la Newsletter di Office of Cards!  Segui il canale YouTube di Office of Cards!  Learn more about your ad choices. Visit megaphone.fm/adchoices",43
Daria Sessa - Conoscere le proprie capacità,https://open.spotify.com/episode/1LA0vCchzmXuBbMvEqYaPk,"Questa pillola è stata presa dall'episodio 39 del Podcast di Office of Cards. Se vuoi ascoltare l'episodio per intero cercalo nel tuo player di podcast digitando ""Office of Cards di Davide Cervellin"". Trovi show notes e link discussi su https://officeofcards.com/podcasts Scopri la Newsletter di Office of Cards!  Segui il canale YouTube di Office of Cards!  Learn more about your ad choices. Visit megaphone.fm/adchoices",39
Come ottenere una promozione - Praticate scenari,https://open.spotify.com/episode/0dCvQe3kcAC2fYNwJYV6L4,"Questa pillola è stata presa dall'episodio 11 del Podcast di Office of Cards. Se vuoi ascoltare l'episodio per intero cercalo nel tuo player di podcast digitando ""Office of Cards di Davide Cervellin"". Trovi show notes e link discussi su https://officeofcards.com/podcasts Scopri la Newsletter di Office of Cards!  Segui il canale YouTube di Office of Cards!  Learn more about your ad choices. Visit megaphone.fm/adchoices",11
Luca Solazzi - Le decisioni più pulite,https://open.spotify.com/episode/4O6rD4TcnD9qLu0e6BMNjY,"Questa pillola è stata presa dall'episodio 59 del Podcast di Office of Cards. Se vuoi ascoltare l'episodio per intero cercalo nel tuo player di podcast digitando ""Office of Cards di Davide Cervellin"". Trovi show notes e link discussi su https://officeofcards.com/podcasts Scopri la Newsletter di Office of Cards!  Segui il canale YouTube di Office of Cards!  Learn more about your ad choices. Visit megaphone.fm/adchoices",59
Valerio Russo - Imparare con i podcast,https://open.spotify.com/episode/6nv94PhvvccMQuNfTehvQQ,"Questa pillola è stata presa dall'episodio 37 del Podcast di Office of Cards. Se vuoi ascoltare l'episodio per intero cercalo nel tuo player di podcast digitando ""Office of Cards di Davide Cervellin"". Trovi show notes e link discussi su https://officeofcards.com/podcasts Scopri la Newsletter di Office of Cards!  Segui il canale YouTube di Office of Cards!  Learn more about your ad choices. Visit megaphone.fm/adchoices",37
Daria Sessa - L'errata percezione,https://open.spotify.com/episode/0nQjKTnZ98WBqsDBFjwspq,"Questa pillola è stata presa dall'episodio 39 del Podcast di Office of Cards. Se vuoi ascoltare l'episodio per intero cercalo nel tuo player di podcast digitando ""Office of Cards di Davide Cervellin"". Trovi show notes e link discussi su https://officeofcards.com/podcasts Scopri la Newsletter di Office of Cards!  Segui il canale YouTube di Office of Cards!  Learn more about your ad choices. Visit megaphone.fm/adchoices",39
Il potere delle abitudini - La routine mattutina,https://open.spotify.com/episode/6wbPK10csSksHG1jM3dAa2,"Questa pillola è stata presa dall'episodio 1 del Podcast di Office of Cards. Se vuoi ascoltare l'episodio per intero cercalo nel tuo player di podcast digitando ""Office of Cards di Davide Cervellin"". Trovi show notes e link discussi su https://officeofcards.com/podcasts Scopri la Newsletter di Office of Cards!  Segui il canale YouTube di Office of Cards!  Learn more about your ad choices. Visit megaphone.fm/adchoices",1
Come ottenere una promozione - Soft no,https://open.spotify.com/episode/7l7w8q7NpS2sFh0pzuwras,"Questa pillola è stata presa dall'episodio 11 del Podcast di Office of Cards. Se vuoi ascoltare l'episodio per intero cercalo nel tuo player di podcast digitando ""Office of Cards di Davide Cervellin"". Trovi show notes e link discussi su https://officeofcards.com/podcasts Scopri la Newsletter di Office of Cards!  Segui il canale YouTube di Office of Cards!  Learn more about your ad choices. Visit megaphone.fm/adchoices",11
Arlinda Laska - Donne a lavoro,https://open.spotify.com/episode/3HKp4qR7gpJavA6sdWseC7,"Questa pillola è stata presa dall'episodio 25 del Podcast di Office of Cards. Se vuoi ascoltare l'episodio per intero cercalo nel tuo player di podcast digitando ""Office of Cards di Davide Cervellin"". Trovi show notes e link discussi su https://officeofcards.com/podcasts Scopri la Newsletter di Office of Cards!  Segui il canale YouTube di Office of Cards!  Learn more about your ad choices. Visit megaphone.fm/adchoices",25
Roberto Bonzio - Cavalcare l'onda,https://open.spotify.com/episode/0ANX8O2Cbje1fiWCiumb0q,"Questa pillola è stata presa dall'episodio 66 del Podcast di Office of Cards. Se vuoi ascoltare l'episodio per intero cercalo nel tuo player di podcast digitando ""Office of Cards di Davide Cervellin"". Trovi show notes e link discussi su https://officeofcards.com/podcasts Scopri la Newsletter di Office of Cards!  Segui il canale YouTube di Office of Cards!  Learn more about your ad choices. Visit megaphone.fm/adchoices",66
Andrea Attanà - Come fare networking,https://open.spotify.com/episode/3RfhJzmxtRRwxSS8MUNf8O,"Questa pillola è stata presa dall'episodio 80 del Podcast di Office of Cards. Se vuoi ascoltare l'episodio per intero cercalo nel tuo player di podcast digitando ""Office of Cards di Davide Cervellin"". Trovi show notes e link discussi su https://officeofcards.com/podcasts Scopri la Newsletter di Office of Cards!  Segui il canale YouTube di Office of Cards!  Learn more about your ad choices. Visit megaphone.fm/adchoices",80
Luca Solazzi - Il tool della domanda,https://open.spotify.com/episode/3DwVuy66RKkTxeF4yysOAa,"Questa pillola è stata presa dall'episodio 59 del Podcast di Office of Cards. Se vuoi ascoltare l'episodio per intero cercalo nel tuo player di podcast digitando ""Office of Cards di Davide Cervellin"". Trovi show notes e link discussi su https://officeofcards.com/podcasts Scopri la Newsletter di Office of Cards!  Segui il canale YouTube di Office of Cards!  Learn more about your ad choices. Visit megaphone.fm/adchoices",59
Il potere delle abitudini - La costanza nel generare abitudini,https://open.spotify.com/episode/5DKo2SikyPS0uAJBio8d0p,"Questa pillola è stata presa dall'episodio 1 del Podcast di Office of Cards. Se vuoi ascoltare l'episodio per intero cercalo nel tuo player di podcast digitando ""Office of Cards di Davide Cervellin"". Trovi show notes e link discussi su https://officeofcards.com/podcasts Scopri la Newsletter di Office of Cards!  Segui il canale YouTube di Office of Cards! Learn more about your ad choices. Visit megaphone.fm/adchoices",1
Luca Lixi - Una scelta attiva,https://open.spotify.com/episode/6XdRFKfENrb35hLoWOyhvM,"Questa pillola è stata presa dall'episodio 35 del Podcast di Office of Cards. Se vuoi ascoltare l'episodio per intero cercalo nel tuo player di podcast digitando ""Office of Cards di Davide Cervellin"". Trovi show notes e link discussi su https://officeofcards.com/podcasts Scopri la Newsletter di Office of Cards!  Segui il canale YouTube di Office of Cards! Learn more about your ad choices. Visit megaphone.fm/adchoices",35
Francesco Sordi - Il marketing scientifico,https://open.spotify.com/episode/5QMfZWbGybDXN8yT94YlkG,"Questa pillola è stata presa dall'episodio 57 del Podcast di Office of Cards. Se vuoi ascoltare l'episodio per intero cercalo nel tuo player di podcast digitando ""Office of Cards di Davide Cervellin"". Trovi show notes e link discussi su https://officeofcards.com/podcasts Scopri la Newsletter di Office of Cards!  Segui il canale YouTube di Office of Cards!  Learn more about your ad choices. Visit megaphone.fm/adchoices",57
Roberto Bonzio - La curiosità,https://open.spotify.com/episode/7t31MvFh6sQtJAJR5d8oZ7,"Questa pillola è stata presa dall'episodio 66 del Podcast di Office of Cards. Se vuoi ascoltare l'episodio per intero cercalo nel tuo player di podcast digitando ""Office of Cards di Davide Cervellin"". Trovi show notes e link discussi su https://officeofcards.com/podcasts Scopri la Newsletter di Office of Cards!  Segui il canale YouTube di Office of Cards!  Learn more about your ad choices. Visit megaphone.fm/adchoices",66
Arlinda Laska - Risolvere un problema insieme,https://open.spotify.com/episode/1ot7QnDSZSeKzb7Epe5cuG,"Questa pillola è stata presa dall'episodio 25 del Podcast di Office of Cards. Se vuoi ascoltare l'episodio per intero cercalo nel tuo player di podcast digitando ""Office of Cards di Davide Cervellin"". Trovi show notes e link discussi su https://officeofcards.com/podcasts Scopri la Newsletter di Office of Cards!  Segui il canale YouTube di Office of Cards!  Learn more about your ad choices. Visit megaphone.fm/adchoices",25
Il potere delle abitudini - La forza di volontà,https://open.spotify.com/episode/5QlyhhjpajOWaPZ8ESnw5I,"Questa pillola è stata presa dall'episodio 1 del Podcast di Office of Cards. Se vuoi ascoltare l'episodio per intero cercalo nel tuo player di podcast digitando ""Office of Cards di Davide Cervellin"". Trovi show notes e link discussi su https://officeofcards.com/podcasts Scopri la Newsletter di Office of Cards!  Segui il canale YouTube di Office of Cards! Learn more about your ad choices. Visit megaphone.fm/adchoices",1
Come ottenere una promozione - cosa succede se ci viene detto di no,https://open.spotify.com/episode/6K8Mk7sqjYjsgXCcWmQVVM,"Questa pillola è stata presa dall'episodio 11 del Podcast di Office of Cards. Se vuoi ascoltare l'episodio per intero cercalo nel tuo player di podcast digitando ""Office of Cards di Davide Cervellin"". Trovi show notes e link discussi su https://officeofcards.com/podcasts Scopri la Newsletter di Office of Cards!  Segui il canale YouTube di Office of Cards!  Learn more about your ad choices. Visit megaphone.fm/adchoices",11
Francesco Sordi - Esporsi,https://open.spotify.com/episode/1zZm9z8qsNoLnL4x34CBJU,"Questa pillola è stata presa dall'episodio 57 del Podcast di Office of Cards. Se vuoi ascoltare l'episodio per intero cercalo nel tuo player di podcast digitando ""Office of Cards di Davide Cervellin"". Trovi show notes e link discussi su https://officeofcards.com/podcasts Scopri la Newsletter di Office of Cards!  Segui il canale YouTube di Office of Cards!  Learn more about your ad choices. Visit megaphone.fm/adchoices",57
Luca Panigada - Le materie che ti aiutano a pensare,https://open.spotify.com/episode/3lyPjdA9fGXVCZneZXB9q4,"Questa pillola è stata presa dall'episodio 68 del Podcast di Office of Cards. Se vuoi ascoltare l'episodio per intero cercalo nel tuo player di podcast digitando ""Office of Cards di Davide Cervellin"". Trovi show notes e link discussi su https://officeofcards.com/podcasts Scopri la Newsletter di Office of Cards!  Segui il canale YouTube di Office of Cards!  Learn more about your ad choices. Visit megaphone.fm/adchoices",68
Luca Lixi - Sviluppare capitale umano,https://open.spotify.com/episode/2ymeyYiil798bRxVcHwbX8,"Questa pillola è stata presa dall'episodio 35 del Podcast di Office of Cards. Se vuoi ascoltare l'episodio per intero cercalo nel tuo player di podcast digitando ""Office of Cards di Davide Cervellin"". Trovi show notes e link discussi su https://officeofcards.com/podcasts Scopri la Newsletter di Office of Cards!  Segui il canale YouTube di Office of Cards! Learn more about your ad choices. Visit megaphone.fm/adchoices",35
Florenzo Marra - Fare notizia,https://open.spotify.com/episode/5FojYh6PCHGoCtAwNI3mlo,"Questa pillola è stata presa dall'episodio 36 del Podcast di Office of Cards. Se vuoi ascoltare l'episodio per intero cercalo nel tuo player di podcast digitando ""Office of Cards di Davide Cervellin"". Trovi show notes e link discussi su https://officeofcards.com/podcasts Scopri la Newsletter di Office of Cards!  Segui il canale YouTube di Office of Cards! Learn more about your ad choices. Visit megaphone.fm/adchoices",36
